{
  "start_joint_angles_rad": [
    -0.35,
    -0.9,
    1.2,
    0.0,
    -0.4,
    0.0
  ],
  "goal_pose_6d": {
    "x": -1200.927,
    "y": 0,
    "z": 400.607,
    "roll": 2.1533396942951268,
    "pitch": -0.10836700787254977,
    "yaw": -1.7216491027688517
  },
  "pre_grasp_pose_6d": {
    "x": -1200.927,
    "y": 0,
    "z": 300.607,
    "roll": 2.1533396942951268,
    "pitch": -0.10836700787254977,
    "yaw": -1.7216491027688517
  }
}
